id,name,code,description,data_code
uy_document_01,e-Ticket,101,,UY.DOCUMENT.CODE
uy_document_02,Nota de Crédito de e-Ticket,102,,UY.DOCUMENT.CODE
uy_document_03,Nota de Débito de e-Ticket,103,,UY.DOCUMENT.CODE
uy_document_04,e-Factura,111,,UY.DOCUMENT.CODE
uy_document_05,Nota de Crédito de e-Factura,112,,UY.DOCUMENT.CODE
uy_document_06,Nota de Débito de e-Factura,113,,UY.DOCUMENT.CODE
uy_document_07,eFactura de exportación,121,,UY.DOCUMENT.CODE
uy_document_08,Nota de crédito de eFactura de exportación,122,,UY.DOCUMENT.CODE
uy_document_09,Nota de débito de eFactura de exportación,123,,UY.DOCUMENT.CODE
uy_document_10,eRemito de exportación,124,,UY.DOCUMENT.CODE
uy_document_11,eTicket Venta por cuenta ajena,131,,UY.DOCUMENT.CODE
uy_document_12,NC eTicket Venta por cuenta ajena,132,,UY.DOCUMENT.CODE
uy_document_13,ND eTicket venta por cuenta ajena,133,,UY.DOCUMENT.CODE
uy_document_14,eFactura Venta por cuenta ajena,141,,UY.DOCUMENT.CODE
uy_document_15,NC eFactura Venta por cuenta ajena,142,,UY.DOCUMENT.CODE
uy_document_16,ND eFactura venta por cuenta ajena,143,,UY.DOCUMENT.CODE
uy_document_17,eBoleta de entrada,151,,UY.DOCUMENT.CODE
uy_document_18,NC eBoleta de entrada ,152,,UY.DOCUMENT.CODE
uy_document_19,ND eBoleta de entrada,153,,UY.DOCUMENT.CODE
uy_document_20,eRemito,181,,UY.DOCUMENT.CODE
uy_document_21,eResguardo,182,,UY.DOCUMENT.CODE
uy_document_22,e-Ticket Contingencia,201,,UY.DOCUMENT.CODE
uy_document_23,Nota de Crédito de e-Ticket Contingencia,202,,UY.DOCUMENT.CODE
uy_document_24,Nota de Débito de e-Ticket Contingencia,203,,UY.DOCUMENT.CODE
uy_document_25,e-Factura Contingencia,211,,UY.DOCUMENT.CODE
uy_document_26,Nota de Crédito de e-Factura Contingencia,212,,UY.DOCUMENT.CODE
uy_document_27,Nota de Débito de e-Factura Contingencia,213,,UY.DOCUMENT.CODE
uy_currency_01,Peso argentino,ARS,,UY.CURRENCY.CODE
uy_currency_02,Real brasileño,BRL,,UY.CURRENCY.CODE
uy_currency_03,Dólar canadiense,CAD,,UY.CURRENCY.CODE
uy_currency_04,Peso chileno,CLP,,UY.CURRENCY.CODE
uy_currency_05,Yuan Renminbi de China,CNY,,UY.CURRENCY.CODE
uy_currency_06,Peso colombiano,COP,,UY.CURRENCY.CODE
uy_currency_07,Euro,EUR,,UY.CURRENCY.CODE
uy_currency_08,Yen japonés,JPY,,UY.CURRENCY.CODE
uy_currency_09,Peso mexicano,MXN,,UY.CURRENCY.CODE
uy_currency_10,Guaraní paraguayo,PYG,,UY.CURRENCY.CODE
uy_currency_11,Nuevo sol peruano,PEN,,UY.CURRENCY.CODE
uy_currency_12,Dólar estadounidense,USD,,UY.CURRENCY.CODE
uy_currency_13,Peso uruguayo,UYU,,UY.CURRENCY.CODE
uy_currency_14,Bolívar fuerte venezolano,VEF,,UY.CURRENCY.CODE
uy_currency_15,Unidad Indexada uruguaya,UYI,,UY.CURRENCY.CODE
uy_currency_16,Unidad Reajustable uruguaya,UYR,,UY.CURRENCY.CODE
uy_unit_01,Kilos,kg,,UY.UNIT.CODE
uy_unit_02,Litros,lt,,UY.UNIT.CODE
uy_unit_03,Toneladas,ton,,UY.UNIT.CODE
uy_unit_04,Unidades,un,,UY.UNIT.CODE
uy_unit_05,No corresponde,N/A,,UY.UNIT.CODE
uy_doc_type_01,RUC,2,,UY.DOC.TYPE
uy_doc_type_02,C.I.,3,,UY.DOC.TYPE
uy_doc_type_03,Otros,4,,UY.DOC.TYPE
uy_doc_type_04,Pasaporte,5,,UY.DOC.TYPE
uy_doc_type_05,DNI,6,,UY.DOC.TYPE
uy_tax_01,Excento,0,,UY.TAX.TYPE
uy_tax_02,Tasa Mínima,10,,UY.TAX.TYPE
uy_tax_03,Tasa Básica,22,,UY.TAX.TYPE
uy_indicator_01,Exento de IVA,1,,UY.LINE.INDICATOR
uy_indicator_02,Tasa Mínima,2,,UY.LINE.INDICATOR
uy_indicator_03,Tasa Básica,3,,UY.LINE.INDICATOR
uy_indicator_04,Otra tasa,4,,UY.LINE.INDICATOR
uy_indicator_05,Entrega gratuita,5,,UY.LINE.INDICATOR
uy_indicator_06,Producto o servicio no facturable,6,,UY.LINE.INDICATOR
uy_indicator_07,Producto o servicio no facturable negativo,7,,UY.LINE.INDICATOR
uy_indicator_08,Ítem a rebajar en e-remitos y en e-remitos de exportación,8,,UY.LINE.INDICATOR
uy_indicator_09,Ítem a anular en resguardos,9,,UY.LINE.INDICATOR
uy_indicator_10,Exportación y asimiladas,10,,UY.LINE.INDICATOR
uy_indicator_11,Impuesto percibido,11,,UY.LINE.INDICATOR
uy_indicator_12,IVA en suspenso,12,,UY.LINE.INDICATOR
uy_payment_method_01,Contado,1,,UY.PAYMENT.METHOD
uy_payment_method_02,Credito,2,,UY.PAYMENT.METHOD
uy_print_01,Representación impresa del CFE en formato A4,1,,UY.EFACTURA.PRINT.MODE
uy_print_02,Representación impresa del CFE en formato Papel termico,2,,UY.EFACTURA.PRINT.MODE
uy_print_03,Representación grafica del CFE generado por el sistema del cliente,3,,UY.EFACTURA.PRINT.MODE
uy_efactura_error_01,El RUT recibido no corresponde con ningun cliente,01,,UY.EFACTURA.ERROR
uy_efactura_error_02,Usuario o clave incorrecta,02,,UY.EFACTURA.ERROR
uy_efactura_error_03,Error de sintaxis en sobre xml,03,,UY.EFACTURA.ERROR
uy_efactura_error_04,El RUT recibido no corresponde con el RUT del sobre,04,,UY.EFACTURA.ERROR
uy_efactura_error_05,El parametro impresion no es válido,05,,UY.EFACTURA.ERROR
uy_efactura_error_06,DigestValue inválido,06,,UY.EFACTURA.ERROR
uy_efactura_error_06_01,Numero de Sobre ya existe en el sistema para la sucursal,07,,UY.EFACTURA.ERROR
uy_efactura_error_07,No cumple validaciones según Formato de sobre (esquema XSD),C01,,UY.EFACTURA.ERROR
uy_efactura_error_08,RUTemisor del sobre no coincide con el emisor del comprobante,C02,,UY.EFACTURA.ERROR
uy_efactura_error_09,No se encontró autorización de emisión para el tipo de CFE,C03,,UY.EFACTURA.ERROR
uy_efactura_error_10,Código de sucursal invalido,C04,,UY.EFACTURA.ERROR
uy_efactura_error_11,Numero de documento del receptor inválido,C05,,UY.EFACTURA.ERROR
uy_efactura_error_12,Las eFacturas y notas de corrección son sólo para operaciones entre contribuyentes,C06,,UY.EFACTURA.ERROR
uy_efactura_error_13,Los eTickets y notas de corrección son sólo para operaciones con consumidores finales,C07,,UY.EFACTURA.ERROR
uy_efactura_error_14,Para todos los tipos de eTickets con importes mayores a 10000UI se debe ingresar receptor,C08,,UY.EFACTURA.ERROR
uy_efactura_error_15,Código de moneda inválido o inexistente,C09,,UY.EFACTURA.ERROR
uy_efactura_error_16,Para este tipo de CFE debe ingresar al menos una referencia,C10,,UY.EFACTURA.ERROR
uy_efactura_error_17,Monto total de un renglón no coincide con cálculos sobre el ítem,C11,,UY.EFACTURA.ERROR
uy_efactura_error_18,Cantidad de renglones declarados en el encabezado no coincide con los reales,C12,,UY.EFACTURA.ERROR
uy_efactura_error_19,Monto total del CFE no coincide con los datos desde renglones,C13,,UY.EFACTURA.ERROR
uy_efactura_error_20,Monto total del CFE no coincide con los datos declarados en <totales>,C14,,UY.EFACTURA.ERROR
uy_efactura_error_21,El comprobante de contingencia ya existe en el sistema,C15,,UY.EFACTURA.ERROR
uy_efactura_error_22,Serie o numero del comprobante de contingencia no corresponde a la autorización de emisión,C16,,UY.EFACTURA.ERROR
uy_clause_01,N/A,N/A,,UY.CLAUSE
uy_clause_02,CIF,CIF,,UY.CLAUSE
uy_clause_03,FOB,FOB,,UY.CLAUSE
uy_transport_01,Marítimo,1,,UY.TRANSPORT
uy_transport_02,Aéreo,2,,UY.TRANSPORT
uy_transport_03,Terrestre,3,,UY.TRANSPORT
uy_transport_04,N/A,8,,UY.TRANSPORT
uy_transport_05,Otro,9,,UY.TRANSPORT
uy_sale_mode_01,Régimen General – exportación de bienes,1,,UY.SALES.MODE
uy_sale_mode_02,Consignacion,2,,UY.SALES.MODE
uy_sale_mode_03,Precio Revisable,3,,UY.SALES.MODE
uy_sale_mode_04,Bienes propios  a exclaves aduaneros,4,,UY.SALES.MODE
uy_sale_mode_05,Régimen TAX FREE – Dto. Nº 378/2012,80,,UY.SALES.MODE
uy_sale_mode_06,Régimen General – exportación de servicios,90,,UY.SALES.MODE
uy_sale_mode_07,Otras transacciones,99,,UY.SALES.MODE
uy_retention_perception_code1144131,RETENCION MENSUAL PF,1144131,,UY.RETENTION.PERCEPTION.CODE
uy_retention_perception_code1144132,AJUSTE ANUAL PF,1144132,,UY.RETENTION.PERCEPTION.CODE
uy_retention_perception_code1144133,RETENCION COMPLEMENTARIA,1144133,,UY.RETENTION.PERCEPTION.CODE
uy_retention_perception_code1144134,AFAP- RETENCION MENSUAL,1144134,,UY.RETENTION.PERCEPTION.CODE
uy_retention_perception_code1144135,RETENCION CORRESP. A EJERCICIOS ANTERIORES,1144135,,UY.RETENTION.PERCEPTION.CODE
uy_retention_perception_code1144137,RETENCION MENSUAL NF,1144137,,UY.RETENTION.PERCEPTION.CODE
uy_retention_perception_code1144138,AJUSTE ANUAL NF,1144138,,UY.RETENTION.PERCEPTION.CODE
uy_retention_perception_code1144139,FONASA - RETENCION MENSUAL,1144139,,UY.RETENTION.PERCEPTION.CODE
uy_retention_perception_code1145141,RETENCION MENSUAL,1145141,,UY.RETENTION.PERCEPTION.CODE
uy_retention_perception_code1145142,AJUSTE ANUAL,1145142,,UY.RETENTION.PERCEPTION.CODE
uy_retention_perception_code1145143,RETENCION COMPLEMENTARIA,1145143,,UY.RETENTION.PERCEPTION.CODE
uy_retention_perception_code1145145,RETENCION CORRESP. A EJERCICIOS ANTERIORES,1145145,,UY.RETENTION.PERCEPTION.CODE
uy_retention_perception_code1146051,RET. S/INT. DE DEPOSITOS M/N Y UI A MAS DE 1 AÑO,1146051,,UY.RETENTION.PERCEPTION.CODE
uy_retention_perception_code1146052,RET. S/INT. DE DEPOSITOS M/N A 1 AÑO O MENOS,1146052,,UY.RETENTION.PERCEPTION.CODE
uy_retention_perception_code1146053,RET. S/INT. DE OBL Y OTROS TITULOS A MAS DE 3 AÑOS,1146053,,UY.RETENTION.PERCEPTION.CODE
uy_retention_perception_code1146054,RET. S/RESTANTES RENTAS FINANCIERAS,1146054,,UY.RETENTION.PERCEPTION.CODE
uy_retention_perception_code1146061,"RET. S/RENTAS VITALICIAS, SEGUROS Y SIMILAR",1146061,,UY.RETENTION.PERCEPTION.CODE
uy_retention_perception_code1146062,RET. S/RESTANTES RENTAS DE CAPITAL MOBILIARIO,1146062,,UY.RETENTION.PERCEPTION.CODE
uy_retention_perception_code1146063,RET. S/DIVIDENDOS Y UTILIDADES PAGADAS,1146063,,UY.RETENTION.PERCEPTION.CODE
uy_retention_perception_code1146064,"RET. S/DER. FEDERATIVOS, DE IMAGEN Y SIM DEP.",1146064,,UY.RETENTION.PERCEPTION.CODE
uy_retention_perception_code1146065,"RET. S/DERECHOS DE AUTOR DE OBRAS LIT, ART O CIENTIFICAS",1146065,,UY.RETENTION.PERCEPTION.CODE
uy_retention_perception_code1146066,"RET. S/DIVID. Y UTIL. ORIGEN - NUM. 2, ART.3, T.7",1146066,,UY.RETENTION.PERCEPTION.CODE
uy_retention_perception_code1146067,RET. S/REND. CAP. MOB. PROV. DE ENTIDAD. NO RESIDEN.,1146067,,UY.RETENTION.PERCEPTION.CODE
uy_retention_perception_code1146081,RET. POR INC. PATRIMONIALES S/BS. MUEBLES ADQ. REMATE,1146081,,UY.RETENTION.PERCEPTION.CODE
uy_retention_perception_code1146082,RET. POR OTROS INC. PATRIMONIALES - Art 44 BIS DEC. 148/007,1146082,,UY.RETENTION.PERCEPTION.CODE
uy_retention_perception_code1146085,RET. POR INC. PATRIM. S/PREMIOS JUEGOS AZAR -CARRERAS CABALLOS,1146085,,UY.RETENTION.PERCEPTION.CODE
uy_retention_perception_code1146136,RET. S/RENTAS DE TRABAJADORES INDEPENDIENTE,1146136,,UY.RETENTION.PERCEPTION.CODE
uy_retention_perception_code1146153,RET. S/REND DE OBL Y OTROS TITULOS A MAS DE 3 AÑOS,1146153,,UY.RETENTION.PERCEPTION.CODE
uy_retention_perception_code1146154,RET. S/RESTANTES RENTAS FINANCIERAS,1146154,,UY.RETENTION.PERCEPTION.CODE
uy_retention_perception_code1146161,"RET. S/RENTAS VITALICIAS, SEGUROS Y SIMILARES",1146161,,UY.RETENTION.PERCEPTION.CODE
uy_retention_perception_code1146162,RET. S/RESTANTES RENTAS DE CAPITAL MOBILIARIO,1146162,,UY.RETENTION.PERCEPTION.CODE
uy_retention_perception_code1146163,RET. S/DIVIDENDOS Y UTILIDADES PAGADAS,1146163,,UY.RETENTION.PERCEPTION.CODE
uy_retention_perception_code1146164,"RET. S/DER. FEDERATIVOS, DE IMAGEN Y SIM DEP.",1146164,,UY.RETENTION.PERCEPTION.CODE
uy_retention_perception_code1146165,"RET. S/DERECHOS DE AUTOR DE OBRAS LIT, ART O CIENTIFICAS",1146165,,UY.RETENTION.PERCEPTION.CODE
uy_retention_perception_code1146166,"RET. S/DIVID. Y UTIL. ORIGEN - NUM. 2, ART.3, T.7",1146166,,UY.RETENTION.PERCEPTION.CODE
uy_retention_perception_code1146167,RET. S/REND. CAP. MOB. PROV. DE ENTIDAD. NO RESIDEN.,1146167,,UY.RETENTION.PERCEPTION.CODE
uy_retention_perception_code1146171,RET. S/ARREND Y OTRAS RENTAS DE CAPITAL INMOBILIARIO,1146171,,UY.RETENTION.PERCEPTION.CODE
uy_retention_perception_code1146172,RET. S/ARREND REALIZADA POR OTRO AGENTE,1146172,,UY.RETENTION.PERCEPTION.CODE
uy_retention_perception_code1146175,RET. S/ARREND. REALIZ. A LA ENTIDAD ADMINSTRADORA,1146175,,UY.RETENTION.PERCEPTION.CODE
uy_retention_perception_code1146176,RET. S/ARRENDAMIENTOS A TURISTAS,1146176,,UY.RETENTION.PERCEPTION.CODE
uy_retention_perception_code1146181,RET. POR INC. PATRIMONIALES S/BS. MUEBLES ADQ. REM,1146181,,UY.RETENTION.PERCEPTION.CODE
uy_retention_perception_code1146182,RET. POR OTROS INC. PATRIMONIALES - Art 44 BIS DEC. 148/007,1146182,,UY.RETENTION.PERCEPTION.CODE
uy_retention_perception_code1146185,RET. POR INC. PATRIM. S/PREMIOS JUEGOS AZAR -CARRERAS CABALLOS,1146185,,UY.RETENTION.PERCEPTION.CODE
uy_retention_perception_code1246031,RET. S/RENTAS DE TRABAJADORES DEPENDIENTES,1246031,,UY.RETENTION.PERCEPTION.CODE
uy_retention_perception_code1246036,RET. S/RENTAS DE TRABAJADORES INDEPENDIENTES,1246036,,UY.RETENTION.PERCEPTION.CODE
uy_retention_perception_code1246037,RET. S/RENTAS TRABAJ. INDEPEND.–CONV. DOBLE IMPOS,1246037,,UY.RETENTION.PERCEPTION.CODE
uy_retention_perception_code1246041,RET. S/PASIVIDADES,1246041,,UY.RETENTION.PERCEPTION.CODE
uy_retention_perception_code1246051,RET. S/INT. DE DEPOSITOS M/N Y UI A MAS DE UN AÑO,1246051,,UY.RETENTION.PERCEPTION.CODE
uy_retention_perception_code1246052,RET. S/INT. DE DEPOSITOS M/N A 1 AÑO O MENOS,1246052,,UY.RETENTION.PERCEPTION.CODE
uy_retention_perception_code1246053,RET. S/INT. DE OBL Y OTROS TITULOS A MAS DE 3 AÑOS,1246053,,UY.RETENTION.PERCEPTION.CODE
uy_retention_perception_code1246054,RET. S/RESTANTES RENTAS FINANCIERAS,1246054,,UY.RETENTION.PERCEPTION.CODE
uy_retention_perception_code1246055,RET. S/ INTERESES – CONV. DOBLE IMPOS,1246055,,UY.RETENTION.PERCEPTION.CODE
uy_retention_perception_code1246056,RET. S/ INTERESES – BONT,1246056,,UY.RETENTION.PERCEPTION.CODE
uy_retention_perception_code1246061,RET. S/RENTAS VITALICIAS. SEGUROS Y SIMILARES,1246061,,UY.RETENTION.PERCEPTION.CODE
uy_retention_perception_code1246062,RET. S/RESTANTES RENTAS DE CAPITAL MOBILIARIO,1246062,,UY.RETENTION.PERCEPTION.CODE
uy_retention_perception_code1246063,RET. S/DIVIDENDOS Y UTILIDADES PAGADAS,1246063,,UY.RETENTION.PERCEPTION.CODE
uy_retention_perception_code1246064,RET. S/DER FEDERATIVOS Y SIM DE DEP.,1246064,,UY.RETENTION.PERCEPTION.CODE
uy_retention_perception_code1246065,RET. S/DIVID. Y UTILID. PAGADAS–CONV. DOBLE IMPOS,1246065,,UY.RETENTION.PERCEPTION.CODE
uy_retention_perception_code1246066,"RET. S/DER FEDE, IMAG, SIM DE DEP.–CONV DOBLE IMPOS",1246066,,UY.RETENTION.PERCEPTION.CODE
uy_retention_perception_code1246067,RET. S/GANAN. DE CAPITAL MOBILIA.–CONV DOBLE IMPOS,1246067,,UY.RETENTION.PERCEPTION.CODE
uy_retention_perception_code1246071,RET. S/ARREND Y OTRAS RENTAS DE CAPITAL INMOBILIARIO,1246071,,UY.RETENTION.PERCEPTION.CODE
uy_retention_perception_code1246072,RET. S/ARREND REALIZADA POR OTRO AGENTE,1246072,,UY.RETENTION.PERCEPTION.CODE
uy_retention_perception_code1246076,RET. SOBRE ARRENDAMIENTOS A TURISTAS,1246076,,UY.RETENTION.PERCEPTION.CODE
uy_retention_perception_code1246081,RET. POR INC. PATRIMONIALES S/BS. MUEBLES ADQ. REMATE,1246081,,UY.RETENTION.PERCEPTION.CODE
uy_retention_perception_code1246082,RET. POR OTROS INC. PATRIMONIALES SEGUN DTO. 155/008,1246082,,UY.RETENTION.PERCEPTION.CODE
uy_retention_perception_code1246091,RET. S/RENTAS DE ACT. EMPRESARIALES Y ASIMILADAS,1246091,,UY.RETENTION.PERCEPTION.CODE
uy_retention_perception_code1246092,RET. S/RENTAS DE ACT. EMPRESARIALES INTERNACIONAL,1246092,,UY.RETENTION.PERCEPTION.CODE
uy_retention_perception_code1246093,RET. S/ RENTAS DE ACT. EMPRESAR.–CONV DOBLE IMPOS,1246093,,UY.RETENTION.PERCEPTION.CODE
uy_retention_perception_code1246131,RET. S/RENTAS DE TRABAJADORES DEPENDIENTES,1246131,,UY.RETENTION.PERCEPTION.CODE
uy_retention_perception_code1246136,RET. S/RENTAS DE TRABAJADORES INDEPENDIENTES,1246136,,UY.RETENTION.PERCEPTION.CODE
uy_retention_perception_code1246137,RET. S/RENTAS TRABAJ. INDEPEND.–CONV. DOBLE IMPOS,1246137,,UY.RETENTION.PERCEPTION.CODE
uy_retention_perception_code1246141,RET. S/PASIVIDADES,1246141,,UY.RETENTION.PERCEPTION.CODE
uy_retention_perception_code1246153,RET. S/INT. DE OBL Y OTROS TITULOS A MAS DE 3 AÑOS,1246153,,UY.RETENTION.PERCEPTION.CODE
uy_retention_perception_code1246154,RET. S/RESTANTES RENTAS FINANCIERAS,1246154,,UY.RETENTION.PERCEPTION.CODE
uy_retention_perception_code1246155,RET. S/ INTERESES – CONV. DOBLE IMPOS.,1246155,,UY.RETENTION.PERCEPTION.CODE
uy_retention_perception_code1246156,RET. S/ INTERESES – BONT,1246156,,UY.RETENTION.PERCEPTION.CODE
uy_retention_perception_code1246161,RET. S/RENTAS VITALICIAS. SEGUROS Y SIMILARES,1246161,,UY.RETENTION.PERCEPTION.CODE
uy_retention_perception_code1246162,RET. S/RESTANTES RENTAS DE CAPITAL MOBILIARIO,1246162,,UY.RETENTION.PERCEPTION.CODE
uy_retention_perception_code1246163,RET. S/DIVIDENDOS Y UTILIDADES PAGADAS,1246163,,UY.RETENTION.PERCEPTION.CODE
uy_retention_perception_code1246164,RET. S/DER FEDERATIVOS Y SIM DE DEP.,1246164,,UY.RETENTION.PERCEPTION.CODE
uy_retention_perception_code1246165,RET. S/DIVID. Y UTILID. PAGADAS–CONV. DOBLE IMPOS.,1246165,,UY.RETENTION.PERCEPTION.CODE
uy_retention_perception_code1246166,"RET. S/DER FEDE, IMAG, SIM DE DEP.–CONV DOBLE IMPO",1246166,,UY.RETENTION.PERCEPTION.CODE
uy_retention_perception_code1246167,RET. S/GANAN. DE CAPITAL MOBILIA.–CONV DOBLE IMPOS,1246167,,UY.RETENTION.PERCEPTION.CODE
uy_retention_perception_code1246168,"RET. S/DER FEDE, IMAG, SIM DE DEP.– BONT",1246168,,UY.RETENTION.PERCEPTION.CODE
uy_retention_perception_code1246169,RET. S/GANAN. DE CAPITAL MOBILIA.– BONT,1246169,,UY.RETENTION.PERCEPTION.CODE
uy_retention_perception_code1246171,RET. S/ARREND Y OTRAS RENTAS DE CAPITAL INMOBILIARIO,1246171,,UY.RETENTION.PERCEPTION.CODE
uy_retention_perception_code1246172,RET. S/ARREND REALIZADA POR OTRO AGENTE     ,1246172,,UY.RETENTION.PERCEPTION.CODE
uy_retention_perception_code1246175,RET. S/ARREND. REALIZ. A LA ENTIDAD ADMINSTRADORA,1246175,,UY.RETENTION.PERCEPTION.CODE
uy_retention_perception_code1246176,RET. S/ARRENDAMIENTOS A TURISTAS,1246176,,UY.RETENTION.PERCEPTION.CODE
uy_retention_perception_code1246177,RET. S/ARRENDAMIENTOS - BONT,1246177,,UY.RETENTION.PERCEPTION.CODE
uy_retention_perception_code1246178,RET. S/ARREND REALIZADA POR OTRO AGENTE - BONT,1246178,,UY.RETENTION.PERCEPTION.CODE
uy_retention_perception_code1246179,RET. S/ARRENDAMIENTOS A TURISTAS - BONT,1246179,,UY.RETENTION.PERCEPTION.CODE
uy_retention_perception_code1246181,RET. POR INC. PATRIMONIALES S/BS. MUEBLES ADQ. REMATE,1246181,,UY.RETENTION.PERCEPTION.CODE
uy_retention_perception_code1246182,RET. POR OTROS INC. PATRIMONIALES SEGUN DTO. 155/008,1246182,,UY.RETENTION.PERCEPTION.CODE
uy_retention_perception_code1246183,RET. S/INCREMENTOS PATRIMONIALES - CONV DOBLE IMPOS,1246183,,UY.RETENTION.PERCEPTION.CODE
uy_retention_perception_code1246184,RET. S/INCREMENTOS PATRIMONIALES - BONT,1246184,,UY.RETENTION.PERCEPTION.CODE
uy_retention_perception_code1246185,RET. POR INC. PATRIM. S/PREMIOS JUEGOS AZAR -CARRERAS CABALLOS,1246185,,UY.RETENTION.PERCEPTION.CODE
uy_retention_perception_code1246191,RET. S/RENTAS DE ACT. EMPRESARIALES Y ASIMILADAS,1246191,,UY.RETENTION.PERCEPTION.CODE
uy_retention_perception_code1246192,RET. S/RENTAS DE ACT. EMPRESARIALES INTERNACIONAL,1246192,,UY.RETENTION.PERCEPTION.CODE
uy_retention_perception_code1246193,RET. S/ RENTAS DE ACT. EMPRESAR.–CONV DOBLE IMPOS,1246193,,UY.RETENTION.PERCEPTION.CODE
uy_retention_perception_code1246194,RET. S/ RENTAS DE ACT. EMPRESAR.– BONT,1246194,,UY.RETENTION.PERCEPTION.CODE
uy_retention_perception_code1246195,RET. S/RENTAS X IMPORTACION BIENES - ENTID. BONT VINCULADA,1246195,,UY.RETENTION.PERCEPTION.CODE
uy_retention_perception_code1246196,RESP. SOLIDARIO X EXPORTACION BIENES - ENTID. BONT VINCULADA,1246196,,UY.RETENTION.PERCEPTION.CODE
uy_retention_perception_code1700048,ITP - IMPUESTO A LAS TRANSMISIONES PATRIMONOLES,1700048,,UY.RETENTION.PERCEPTION.CODE
uy_retention_perception_code1700082,IRPF - INCREMENTOS PATRIMONIALES - AG. RET.,1700082,,UY.RETENTION.PERCEPTION.CODE
uy_retention_perception_code1700083,IRNR - INCREMENTOS PATRIMONIALES - AG. RET.,1700083,,UY.RETENTION.PERCEPTION.CODE
uy_retention_perception_code1701048,ITP - IMPUESTO A LAS TRANSMISIONES PATRIMONOLES,1701048,,UY.RETENTION.PERCEPTION.CODE
uy_retention_perception_code1701082,IRPF - INCREMENTOS PATRIMONIALES - AG. RET.,1701082,,UY.RETENTION.PERCEPTION.CODE
uy_retention_perception_code1701083,IRNR - INCREMENTOS PATRIMONIALES - AG. RET.,1701083,,UY.RETENTION.PERCEPTION.CODE
uy_retention_perception_code1845141,RETENCION MENSUAL,1845141,,UY.RETENTION.PERCEPTION.CODE
uy_retention_perception_code1845142,AJUSTE ANUAL,1845142,,UY.RETENTION.PERCEPTION.CODE
uy_retention_perception_code1845143,RETENCION COMPLEMENTARIA,1845143,,UY.RETENTION.PERCEPTION.CODE
uy_retention_perception_code1845145,RETENCION CORRESP A EJERCICIOS ANTERIORES,1845145,,UY.RETENTION.PERCEPTION.CODE
uy_retention_perception_code1845199,RETENCION ADICIONAL AL IMPUESTO,1845199,,UY.RETENTION.PERCEPTION.CODE
uy_retention_perception_code1892202,SEGUROS - INCENDIO,1892202,,UY.RETENTION.PERCEPTION.CODE
uy_retention_perception_code1892205,SEGUROS - VEHICULOS AUTOMOT. O REMOLCAD.,1892205,,UY.RETENTION.PERCEPTION.CODE
uy_retention_perception_code1892208,SEGUROS - ROBO Y RIESGOS SIMILARES,1892208,,UY.RETENTION.PERCEPTION.CODE
uy_retention_perception_code1892211,SEGUROS - RESPONSABILIDAD CIVIL,1892211,,UY.RETENTION.PERCEPTION.CODE
uy_retention_perception_code1892214,SEGUROS - CAUCION,1892214,,UY.RETENTION.PERCEPTION.CODE
uy_retention_perception_code1892217,SEGUROS - TRANSPORTE,1892217,,UY.RETENTION.PERCEPTION.CODE
uy_retention_perception_code1892220,SEGUROS - MARITIMOS,1892220,,UY.RETENTION.PERCEPTION.CODE
uy_retention_perception_code1892223,"SEGUROS - ULT. INC. ART. 2 LEY 16426, INTERPRE. POR LEY 16851",1892223,,UY.RETENTION.PERCEPTION.CODE
uy_retention_perception_code1892226,SEGUROS - OTROS,1892226,,UY.RETENTION.PERCEPTION.CODE
uy_retention_perception_code1892229,SEGUROS - VIDA,1892229,,UY.RETENTION.PERCEPTION.CODE
uy_retention_perception_code1892232,SEGUROS - VIDA OTROS,1892232,,UY.RETENTION.PERCEPTION.CODE
uy_retention_perception_code1901010,IMPUESTO EMERGENCIA SANITARIA COVID - 19,1901010,,UY.RETENTION.PERCEPTION.CODE
uy_retention_perception_code2142011,AG.RET-ADICIONAL MEVIR PLAZA (COD.574),2142011,,UY.RETENTION.PERCEPTION.CODE
uy_retention_perception_code2142012,AG.RET-ADICIONAL INIA PLAZA (COD.576),2142012,,UY.RETENTION.PERCEPTION.CODE
uy_retention_perception_code2142021,AG.RET-ADICIONAL MEVIR EXPORTACION (COD.584),2142021,,UY.RETENTION.PERCEPTION.CODE
uy_retention_perception_code2142022,AG.RET-ADICIONAL INIA EXPORTACION (COD.586),2142022,,UY.RETENTION.PERCEPTION.CODE
uy_retention_perception_code2142101,AG.RET-IMEBA MIGRACION,2142101,,UY.RETENTION.PERCEPTION.CODE
uy_retention_perception_code2142110,AG.RET-IMEBA PLAZA-LANAS (COD.572),2142110,,UY.RETENTION.PERCEPTION.CODE
uy_retention_perception_code2142111,AG.RET-IMEBA PLAZA-CUEROS (COD.572),2142111,,UY.RETENTION.PERCEPTION.CODE
uy_retention_perception_code2142112,AG.RET-IMEBA PLAZA-GANADO BOVINO (COD.572),2142112,,UY.RETENTION.PERCEPTION.CODE
uy_retention_perception_code2142113,AG.RET-IMEBA PLAZA-GANADO OVINO (COD.572),2142113,,UY.RETENTION.PERCEPTION.CODE
uy_retention_perception_code2142114,AG.RET-IMEBA PLAZA-GANADO SUINO (COD.572),2142114,,UY.RETENTION.PERCEPTION.CODE
uy_retention_perception_code2142115,AG.RET-IMEBA PLAZA-CEREALES Y OLEAGIN.(COD.572),2142115,,UY.RETENTION.PERCEPTION.CODE
uy_retention_perception_code2142116,AG.RET-IMEBA PLAZA-LECHE (COD.572),2142116,,UY.RETENTION.PERCEPTION.CODE
uy_retention_perception_code2142117,AG.RET-IMEBA PLAZA-PROD.DE AVICULTURA (COD.572),2142117,,UY.RETENTION.PERCEPTION.CODE
uy_retention_perception_code2142118,AG.RET-IMEBA PLAZA-PROD.DE APICULTURA (COD.572),2142118,,UY.RETENTION.PERCEPTION.CODE
uy_retention_perception_code2142119,AG.RET-IMEBA PLAZA-PROD.DE CUNICULTURA (COD.572),2142119,,UY.RETENTION.PERCEPTION.CODE
uy_retention_perception_code2142120,AG.RET-IMEBA PLAZA-FLORES Y SEMILLAS (COD.572),2142120,,UY.RETENTION.PERCEPTION.CODE
uy_retention_perception_code2142121,AG.RET-IMEBA PLAZA-HORTICULTURA Y FRUTIC.(COD.572),2142121,,UY.RETENTION.PERCEPTION.CODE
uy_retention_perception_code2142122,AG.RET-IMEBA PLAZA-CITRUS (COD.572),2142122,,UY.RETENTION.PERCEPTION.CODE
uy_retention_perception_code2142123,AG.RET-IMEBA PLAZA-RANICULTURA (COD.572),2142123,,UY.RETENTION.PERCEPTION.CODE
uy_retention_perception_code2142124,AG.RET-IMEBA PLAZA-HELICICULTURA(COD.572),2142124,,UY.RETENTION.PERCEPTION.CODE
uy_retention_perception_code2142125,AG.RET-IMEBA PLAZA-CRIA DE NANDU(COD.572),2142125,,UY.RETENTION.PERCEPTION.CODE
uy_retention_perception_code2142126,AG.RET-IMEBA PLAZA-CRIA DE NUTRIAS(COD.572),2142126,,UY.RETENTION.PERCEPTION.CODE
uy_retention_perception_code2142127,AG.RET-IMEBA PLAZA-PRODUCTOS DE ORIGEN FORESTAL(COD.572),2142127,,UY.RETENTION.PERCEPTION.CODE
uy_retention_perception_code2142128,AG.RET-IMEBA PLAZA - RESTANTES PRODUCTOS AGROP. (COD.572),2142128,,UY.RETENTION.PERCEPTION.CODE
uy_retention_perception_code2142129,AG.RET- IMEBA PLAZA - CAÑA DE AZUCAR (COD.572),2142129,,UY.RETENTION.PERCEPTION.CODE
uy_retention_perception_code2142210,AG.RET-IMEBA EXPORTACION-LANAS (COD.582),2142210,,UY.RETENTION.PERCEPTION.CODE
uy_retention_perception_code2142211,AG.RET-IMEBA EXPORTACION-CUEROS (COD.582),2142211,,UY.RETENTION.PERCEPTION.CODE
uy_retention_perception_code2142212,AG.RET-IMEBA EXPORTACION-GANADO BOVINO (COD.582),2142212,,UY.RETENTION.PERCEPTION.CODE
uy_retention_perception_code2142213,AG.RET-IMEBA EXPORTACION-GANADO OVINO (COD.582),2142213,,UY.RETENTION.PERCEPTION.CODE
uy_retention_perception_code2142214,AG.RET-IMEBA EXPORTACION-GANADO SUINO (COD.582),2142214,,UY.RETENTION.PERCEPTION.CODE
uy_retention_perception_code2142215,AG.RET-IMEBA EXPORTACION-CEREALES Y OLEAGIN.(COD.582),2142215,,UY.RETENTION.PERCEPTION.CODE
uy_retention_perception_code2142216,AG.RET-IMEBA EXPORTACION-LECHE (COD.582),2142216,,UY.RETENTION.PERCEPTION.CODE
uy_retention_perception_code2142217,AG.RET-IMEBA EXPORTACION-PROD.DE AVICULTURA (COD.582),2142217,,UY.RETENTION.PERCEPTION.CODE
uy_retention_perception_code2142218,AG.RET-IMEBA EXPORTACION-PROD.DE APICULTURA (COD.582),2142218,,UY.RETENTION.PERCEPTION.CODE
uy_retention_perception_code2142219,AG.RET-IMEBA EXPORTACION-PROD.DE CUNICULTURA (COD.582),2142219,,UY.RETENTION.PERCEPTION.CODE
uy_retention_perception_code2142220,AG.RET-IMEBA EXPORTACION-FLORES Y SEMILLAS (COD.582),2142220,,UY.RETENTION.PERCEPTION.CODE
uy_retention_perception_code2142221,AG.RET-IMEBA EXPORTACION-HORTICULTURA Y FRUTIC.(COD.582),2142221,,UY.RETENTION.PERCEPTION.CODE
uy_retention_perception_code2142222,AG.RET-IMEBA EXPORTACION-CITRUS (COD.582),2142222,,UY.RETENTION.PERCEPTION.CODE
uy_retention_perception_code2142223,AG.RET-IMEBA EXP.-RANICULTURA (COD.572),2142223,,UY.RETENTION.PERCEPTION.CODE
uy_retention_perception_code2142224,AG.RET-IMEBA EXP.-HELICICULTURA(COD.572),2142224,,UY.RETENTION.PERCEPTION.CODE
uy_retention_perception_code2142225,AG.RET-IMEBA EXP.-CRIA DE NANDU(COD.572),2142225,,UY.RETENTION.PERCEPTION.CODE
uy_retention_perception_code2142226,AG.RET-IMEBA EXP-CRIA DE NUTRIAS(COD.572),2142226,,UY.RETENTION.PERCEPTION.CODE
uy_retention_perception_code2142227,AG.RET-IMEBA EXP.-PRODUCTOS DE ORIGEN FORESTAL(COD.572),2142227,,UY.RETENTION.PERCEPTION.CODE
uy_retention_perception_code2142228,AG.RET-IMEBA EXP-RESTANTES PRODUCTOS AGROP.(COD.572),2142228,,UY.RETENTION.PERCEPTION.CODE
uy_retention_perception_code2142229,AG.RET- IMEBA EXP - CAÑA DE AZUCAR (COD.572),2142229,,UY.RETENTION.PERCEPTION.CODE
uy_retention_perception_code2180048,ITP - IMPUESTO A LAS TRASMISIONES PATRIMONIALES,2180048,,UY.RETENTION.PERCEPTION.CODE
uy_retention_perception_code2180049,ITP - ADICIONAL IMPUESTO A LAS TRASMISIONES PATRIMONIALES,2180049,,UY.RETENTION.PERCEPTION.CODE
uy_retention_perception_code2181040,REDUCCION DEL IVA – DECRETO 203/014,2181040,,UY.RETENTION.PERCEPTION.CODE
uy_retention_perception_code2181410,REDUCCION ALICUOTA LEY 17.934  - REGIMEN GENERAL,2181410,,UY.RETENTION.PERCEPTION.CODE
uy_retention_perception_code2181411,REDUCCION ALICUOTA ART.5 DEC. 288/012,2181411,,UY.RETENTION.PERCEPTION.CODE
uy_retention_perception_code2181412,CRED. ARRENDAMIENTO TERMINALES ART.12 DEC. 288/012,2181412,,UY.RETENTION.PERCEPTION.CODE
uy_retention_perception_code2181413,REDUCC. TOTAL DEL IVA A TURISTAS NO RESIDENTES - REG. GENERAL,2181413,,UY.RETENTION.PERCEPTION.CODE
uy_retention_perception_code2181414,CREDITO ARRENDAMIENTO A TURISTAS NO RESIDENTES,2181414,,UY.RETENTION.PERCEPTION.CODE
uy_retention_perception_code2181415,REDUCCION DEL IVA - ART.10 DEC. 203/014,2181415,,UY.RETENTION.PERCEPTION.CODE
uy_retention_perception_code2181416,CREDITO PROVEEDOR SOFTWARE HABILITADO - ART. 4 DEC. 206/019,2181416,,UY.RETENTION.PERCEPTION.CODE
uy_retention_perception_code2181417,REDUCCION IVA TEMPORADA DEC. 304/020 - REG. GENERAL,2181417,,UY.RETENTION.PERCEPTION.CODE
uy_retention_perception_code2181420,REDUCCION ALICUOTA LEY 17.934  - IVA MINIMO,2181420,,UY.RETENTION.PERCEPTION.CODE
uy_retention_perception_code2181421,REDUCCION ALICUOTA ART.6 DEC. 288/012,2181421,,UY.RETENTION.PERCEPTION.CODE
uy_retention_perception_code2181422,CRED. ARRENDAMIENTO TERMINALES ART.13 DEC. 288/012,2181422,,UY.RETENTION.PERCEPTION.CODE
uy_retention_perception_code2181423,REDUCCION TOTAL DEL IVA A TURISTAS NO RESIDENTES - IVA MINIMO,2181423,,UY.RETENTION.PERCEPTION.CODE
uy_retention_perception_code2181425,REDUCCION DEL IVA - ART.13 DEC. 203/014,2181425,,UY.RETENTION.PERCEPTION.CODE
uy_retention_perception_code2181426,CREDITO PROVEEDOR SOFTWARE HABILITADO - ART.5 DEC. 206/019,2181426,,UY.RETENTION.PERCEPTION.CODE
uy_retention_perception_code2181427,REDUCCION IVA TEMPORADA DEC. 304/020 - IVA MINIMO,2181427,,UY.RETENTION.PERCEPTION.CODE
uy_retention_perception_code2181440,IMPUTACION DE DIVIDENDOS Y UTILID. FICTOS A CONTRIB. DE IRAE,2181440,,UY.RETENTION.PERCEPTION.CODE
uy_retention_perception_code2183010,IVA,2183010,,UY.RETENTION.PERCEPTION.CODE
uy_retention_perception_code2183011,IVA BANCA DE CUBIERTA COLECTIVA,2183011,,UY.RETENTION.PERCEPTION.CODE
uy_retention_perception_code2183021,"IRIC - REGALIAS, ARREND., USO Y CESION DE USO DE EQUIP.",2183021,,UY.RETENTION.PERCEPTION.CODE
uy_retention_perception_code2183022,IRIC - REMUNERACIONES DE SERVICIOS TECNICOS,2183022,,UY.RETENTION.PERCEPTION.CODE
uy_retention_perception_code2183023,IRIC - DIVIDENDOS,2183023,,UY.RETENTION.PERCEPTION.CODE
uy_retention_perception_code2183024,IRIC - UTILIDADES PERSONAS DEL EXTERIOR,2183024,,UY.RETENTION.PERCEPTION.CODE
uy_retention_perception_code2183025,IRIC - DERECHOS DE AUTOR,2183025,,UY.RETENTION.PERCEPTION.CODE
uy_retention_perception_code2183030,IMPUESTO AL PATRIMONIO,2183030,,UY.RETENTION.PERCEPTION.CODE
uy_retention_perception_code2183031,IMPUESTO AL PATRIMONIO - CONVENIO DOBLE IMPOSICION,2183031,,UY.RETENTION.PERCEPTION.CODE
uy_retention_perception_code2183040,IMPUESTO A LAS COMISIONES,2183040,,UY.RETENTION.PERCEPTION.CODE
uy_retention_perception_code2183041,IMP. A LA  COMPRA VTA  BS. MUEBLES EN REMATE PUBLICO,2183041,,UY.RETENTION.PERCEPTION.CODE
uy_retention_perception_code2183042,IMPUESTO A LOS ACTIVOS DE EMPRESAS BANCARIAS,2183042,,UY.RETENTION.PERCEPTION.CODE
uy_retention_perception_code2183043,IMP. A LOS INGRESOS DE LOS ORGANIZADORES DE SORTEOS,2183043,,UY.RETENTION.PERCEPTION.CODE
uy_retention_perception_code2183044,IMP.A LAS RETRIB. POR SERV.AL ESTADO (ART.587 LEY 17.296),2183044,,UY.RETENTION.PERCEPTION.CODE
uy_retention_perception_code2183045,ADIC. IMP. A LAS RETRIB. PERSONALES (ART.7 LEY 17.453),2183045,,UY.RETENTION.PERCEPTION.CODE
uy_retention_perception_code2183046,IMPUESTO DE CONTROL DEL SISTEMA FINANCIERO,2183046,,UY.RETENTION.PERCEPTION.CODE
uy_retention_perception_code2183047,IMPUESTO A LAS RETRIB.PERSONALES (ART.7 LEY 17.502),2183047,,UY.RETENTION.PERCEPTION.CODE
uy_retention_perception_code2183051,IVA - FRIGORIFICOS Y MATADEROS,2183051,,UY.RETENTION.PERCEPTION.CODE
uy_retention_perception_code2183052,IVA - INAVI,2183052,,UY.RETENTION.PERCEPTION.CODE
uy_retention_perception_code2183060,IMESI,2183060,,UY.RETENTION.PERCEPTION.CODE
uy_retention_perception_code2183070,IMP. A LAS CESIONES DE DERECHOS SOBRE DEPORTISTAS,2183070,,UY.RETENTION.PERCEPTION.CODE
uy_retention_perception_code2183080,IMP. ESPECIFICO A LAS APUESTAS A TRAVES DE MAQ. ELECT. O AUTO.,2183080,,UY.RETENTION.PERCEPTION.CODE
uy_retention_perception_code2183110,IVA - PRESTACIONES SERVICIOS DE SALUD (ART.8 BIS DTO. 220/98),2183110,,UY.RETENTION.PERCEPTION.CODE
uy_retention_perception_code2183111,IVA - CONTRATOS CONSULT. CON EL  ESTADO (ART.7 DTO. 220/98),2183111,,UY.RETENTION.PERCEPTION.CODE
uy_retention_perception_code2183112,IVA - CORREDORES DE SEGUROS (RES. 406/82),2183112,,UY.RETENTION.PERCEPTION.CODE
uy_retention_perception_code2183113,IVA - CORREDORES DE BOLSA (RES.10/83),2183113,,UY.RETENTION.PERCEPTION.CODE
uy_retention_perception_code2183114,"IVA - EMP.SEGURIDAD, VIGILANCIA Y LIMPIEZA (D.194/00 Y 528/03)",2183114,,UY.RETENTION.PERCEPTION.CODE
uy_retention_perception_code2183115,IVA - EMP. TRANSPORTISTAS PROFESIONALES DE CARGA,2183115,,UY.RETENTION.PERCEPTION.CODE
uy_retention_perception_code2183116,IVA - ENTIDADES ASEGURADORAS ( DTO. 336/03),2183116,,UY.RETENTION.PERCEPTION.CODE
uy_retention_perception_code2183117,IVA - TRANSPORTE TERRESTRE DE PASAJEROS ( DTO. 405/03),2183117,,UY.RETENTION.PERCEPTION.CODE
uy_retention_perception_code2183118,IVA - COMPRAS DEL ESTADO (DTOS. 528/03 Y 319/06),2183118,,UY.RETENTION.PERCEPTION.CODE
uy_retention_perception_code2183119,IVA - OTRAS RETENCIONES,2183119,,UY.RETENTION.PERCEPTION.CODE
uy_retention_perception_code2183121,"IRAE - EMP. SEGURIDAD, VIGILANCIA Y LIMPIEZA (DTO.194/00)",2183121,,UY.RETENTION.PERCEPTION.CODE
uy_retention_perception_code2183122,IRAE EMP - CONTRAT.DE OBRAS PUBLIC.VIALES (DTO.271/90),2183122,,UY.RETENTION.PERCEPTION.CODE
uy_retention_perception_code2183123,IRAE - OTRAS RETENCIONES,2183123,,UY.RETENTION.PERCEPTION.CODE
uy_retention_perception_code2183124,IRAE - INSTITUCIONES DEPORTIVAS,2183124,,UY.RETENTION.PERCEPTION.CODE
uy_retention_perception_code2183131,IMPUESTO AL PATRIMONIO - CONVENIO DOBLE IMPOSICION,2183131,,UY.RETENTION.PERCEPTION.CODE
uy_retention_perception_code2183141,IMPUESTO AL PATRIMONIO,2183141,,UY.RETENTION.PERCEPTION.CODE
uy_retention_perception_code2183151,IMP. COMISIONES . CORREDORES DE SEG. (ART. 8 DTO. 691/90),2183151,,UY.RETENTION.PERCEPTION.CODE
uy_retention_perception_code2183152,IMP. COMISIONES - REMATADORES (ART.10 DTO.691/90),2183152,,UY.RETENTION.PERCEPTION.CODE
uy_retention_perception_code2183153,IMP. COMISIONES - OTRAS RETENCIONES,2183153,,UY.RETENTION.PERCEPTION.CODE
uy_retention_perception_code2183160,OBLIGACIONES TRIBUT.-ADMINIST. DE CRED.CONTRIB. LIT. E,2183160,,UY.RETENTION.PERCEPTION.CODE
uy_retention_perception_code2183161,OBLIGACIONES TRIBUT.-ADMINIST. DE CRED. TASA 5%,2183161,,UY.RETENTION.PERCEPTION.CODE
uy_retention_perception_code2183162,OBLIGACIONES TRIBUT.-ADMINIST. DE CRED. TASA 2%,2183162,,UY.RETENTION.PERCEPTION.CODE
uy_retention_perception_code2183163,OBLIGACIONES TRIBUT.-ADMINIST. DE CRED. LEY 17.934,2183163,,UY.RETENTION.PERCEPTION.CODE
uy_retention_perception_code2183164,OBLIGACIONES TRIBUTARIAS DE TERCEROS - ANTEL,2183164,,UY.RETENTION.PERCEPTION.CODE
uy_retention_perception_code2183165,OBLIGACIONES TRIBUTARIAS DE TERCEROS - DTO. 134/2009,2183165,,UY.RETENTION.PERCEPTION.CODE
uy_retention_perception_code2183166,OBLIGACIONES TRIB.- ADM. DE TARJETAS DEC.288/012,2183166,,UY.RETENTION.PERCEPTION.CODE
uy_retention_perception_code2183167,OBLIGACIONES TRIB.- OPERACIONES DEL ART. 1 DEC. 203/014.,2183167,,UY.RETENTION.PERCEPTION.CODE
uy_retention_perception_code2183168,OBLIGACIONES TRIB.- OPERACIONES DEL ART. 2 DEC. 203/014,2183168,,UY.RETENTION.PERCEPTION.CODE
uy_retention_perception_code2183169,OBLIGACIONES TRIB.- OPERACIONES DEL ART. 3 DEC. 203/014,2183169,,UY.RETENTION.PERCEPTION.CODE
uy_retention_perception_code2183170,COFIS,2183170,,UY.RETENTION.PERCEPTION.CODE
uy_retention_perception_code2183171,OTT - APPS TRANSPORTE (Nº 3º RES. 1810/2017),2183171,,UY.RETENTION.PERCEPTION.CODE
uy_retention_perception_code2183211,IVA - FRIGORIF. Y MATAD. CARNE FRESCA (ART.9 DTO.220/98),2183211,,UY.RETENTION.PERCEPTION.CODE
uy_retention_perception_code2183212,IVA - FRIGORIF. Y MATADEROS FAENA (ART.12 DTO.220/98),2183212,,UY.RETENTION.PERCEPTION.CODE
uy_retention_perception_code2183213,IVA - GRASAS Y LUBRICANTES (ART.14 DTO.220/98),2183213,,UY.RETENTION.PERCEPTION.CODE
uy_retention_perception_code2183214,IVA - VENTA DIRECTA (ART.16 DTO.220/98),2183214,,UY.RETENTION.PERCEPTION.CODE
uy_retention_perception_code2183215,IVA - VEHICULOS AUTOMOTORES (ART.20 DTO.220/98),2183215,,UY.RETENTION.PERCEPTION.CODE
uy_retention_perception_code2183216,IVA - INAVI,2183216,,UY.RETENTION.PERCEPTION.CODE
uy_retention_perception_code2183217,IVA - FABRICANTES E IMPORT. DE PREFORMAS P.E.T.,2183217,,UY.RETENTION.PERCEPTION.CODE
uy_retention_perception_code2183218,IVA -  ESTABLECIMIENTOS DE FAENA DE AVES (DTO. 621/2006),2183218,,UY.RETENTION.PERCEPTION.CODE
uy_retention_perception_code2183219,IVA GAS OIL,2183219,,UY.RETENTION.PERCEPTION.CODE
uy_retention_perception_code2183220,IVA - OTRAS PERCEPCIONES,2183220,,UY.RETENTION.PERCEPTION.CODE
uy_retention_perception_code2183221,IVA - FUEGOS ARTIFICIALES (RES 4080/2013),2183221,,UY.RETENTION.PERCEPTION.CODE
uy_retention_perception_code2183228,IRAE - ESTABLECIMIENTOS DE FAENA DE AVES (DTO. 621/2006),2183228,,UY.RETENTION.PERCEPTION.CODE
uy_retention_perception_code2183229,IRAE - OTRAS PERCEPCIONES,2183229,,UY.RETENTION.PERCEPTION.CODE
uy_retention_perception_code2192202,SEGUROS - INCENDIO,2192202,,UY.RETENTION.PERCEPTION.CODE
uy_retention_perception_code2192205,SEGUROS - VEHICULOS AUTOMOT. O REMOLCAD.,2192205,,UY.RETENTION.PERCEPTION.CODE
uy_retention_perception_code2192208,SEGUROS - ROBO Y RIESGOS SIMILARES,2192208,,UY.RETENTION.PERCEPTION.CODE
uy_retention_perception_code2192211,SEGUROS - RESPONSABILIDAD CIVIL,2192211,,UY.RETENTION.PERCEPTION.CODE
uy_retention_perception_code2192214,SEGUROS - CAUCION,2192214,,UY.RETENTION.PERCEPTION.CODE
uy_retention_perception_code2192217,SEGUROS - TRANSPORTE,2192217,,UY.RETENTION.PERCEPTION.CODE
uy_retention_perception_code2192220,SEGUROS - MARITIMOS,2192220,,UY.RETENTION.PERCEPTION.CODE
uy_retention_perception_code2192223,"SEGUROS - ULT. INC. ART. 2 LEY 16426, INTERPRE. POR LEY 16851",2192223,,UY.RETENTION.PERCEPTION.CODE
uy_retention_perception_code2192226,SEGUROS - OTROS,2192226,,UY.RETENTION.PERCEPTION.CODE
uy_retention_perception_code2192229,SEGUROS - VIDA,2192229,,UY.RETENTION.PERCEPTION.CODE
uy_retention_perception_code2192232,SEGUROS - VIDA OTROS,2192232,,UY.RETENTION.PERCEPTION.CODE
